INSERT INTO  GameModifiers (ModifierId) VALUES
('MODIFIER_SIQI_MOD2_CITY_YIELD_SCIENCE_1'),
('MODIFIER_SIQI_MOD2_CITY_YIELD_SCIENCE_2'),
('MODIFIER_SIQI_MOD2_CITY_YIELD_SCIENCE_4'),
('MODIFIER_SIQI_MOD2_CITY_YIELD_SCIENCE_8'),
('MODIFIER_SIQI_MOD2_CITY_YIELD_SCIENCE_16'),
('MODIFIER_SIQI_MOD2_CITY_YIELD_SCIENCE_32'),
('MODIFIER_SIQI_MOD2_CITY_YIELD_SCIENCE_64');

INSERT INTO  Modifiers(ModifierId, ModifierType, SubjectRequirementSetId) VALUES
('MODIFIER_SIQI_MOD2_CITY_YIELD_SCIENCE_1', 'MODIFIER_ALL_CITIES_ADJUST_CITY_YIELD_CHANGE', 'SIQI_MOD2_CITY_YIELD_SCIENCE_1'),
('MODIFIER_SIQI_MOD2_CITY_YIELD_SCIENCE_2', 'MODIFIER_ALL_CITIES_ADJUST_CITY_YIELD_CHANGE', 'SIQI_MOD2_CITY_YIELD_SCIENCE_2'),
('MODIFIER_SIQI_MOD2_CITY_YIELD_SCIENCE_4', 'MODIFIER_ALL_CITIES_ADJUST_CITY_YIELD_CHANGE', 'SIQI_MOD2_CITY_YIELD_SCIENCE_4'),
('MODIFIER_SIQI_MOD2_CITY_YIELD_SCIENCE_8', 'MODIFIER_ALL_CITIES_ADJUST_CITY_YIELD_CHANGE', 'SIQI_MOD2_CITY_YIELD_SCIENCE_8'),
('MODIFIER_SIQI_MOD2_CITY_YIELD_SCIENCE_16', 'MODIFIER_ALL_CITIES_ADJUST_CITY_YIELD_CHANGE', 'SIQI_MOD2_CITY_YIELD_SCIENCE_16'),
('MODIFIER_SIQI_MOD2_CITY_YIELD_SCIENCE_32', 'MODIFIER_ALL_CITIES_ADJUST_CITY_YIELD_CHANGE', 'SIQI_MOD2_CITY_YIELD_SCIENCE_32'),
('MODIFIER_SIQI_MOD2_CITY_YIELD_SCIENCE_64', 'MODIFIER_ALL_CITIES_ADJUST_CITY_YIELD_CHANGE', 'SIQI_MOD2_CITY_YIELD_SCIENCE_64');

INSERT INTO  ModifierArguments (ModifierId, Name, Value) VALUES
('MODIFIER_SIQI_MOD2_CITY_YIELD_SCIENCE_1','Amount','1'),
('MODIFIER_SIQI_MOD2_CITY_YIELD_SCIENCE_1','YieldType','YIELD_SCIENCE'),
('MODIFIER_SIQI_MOD2_CITY_YIELD_SCIENCE_2','Amount','2'),
('MODIFIER_SIQI_MOD2_CITY_YIELD_SCIENCE_2','YieldType','YIELD_SCIENCE'),
('MODIFIER_SIQI_MOD2_CITY_YIELD_SCIENCE_4','Amount','4'),
('MODIFIER_SIQI_MOD2_CITY_YIELD_SCIENCE_4','YieldType','YIELD_SCIENCE'),
('MODIFIER_SIQI_MOD2_CITY_YIELD_SCIENCE_8','Amount','8'),
('MODIFIER_SIQI_MOD2_CITY_YIELD_SCIENCE_8','YieldType','YIELD_SCIENCE'),
('MODIFIER_SIQI_MOD2_CITY_YIELD_SCIENCE_16','Amount','16'),
('MODIFIER_SIQI_MOD2_CITY_YIELD_SCIENCE_16','YieldType','YIELD_SCIENCE'),
('MODIFIER_SIQI_MOD2_CITY_YIELD_SCIENCE_32','Amount','32'),
('MODIFIER_SIQI_MOD2_CITY_YIELD_SCIENCE_32','YieldType','YIELD_SCIENCE'),
('MODIFIER_SIQI_MOD2_CITY_YIELD_SCIENCE_64','Amount','64'),
('MODIFIER_SIQI_MOD2_CITY_YIELD_SCIENCE_64','YieldType','YIELD_SCIENCE');
 
INSERT INTO  RequirementSets (RequirementSetId, RequirementSetType) VALUES
('SIQI_MOD2_CITY_YIELD_SCIENCE_1', 'REQUIREMENTSET_TEST_ALL'),
('SIQI_MOD2_CITY_YIELD_SCIENCE_2', 'REQUIREMENTSET_TEST_ALL'),
('SIQI_MOD2_CITY_YIELD_SCIENCE_4', 'REQUIREMENTSET_TEST_ALL'),
('SIQI_MOD2_CITY_YIELD_SCIENCE_8', 'REQUIREMENTSET_TEST_ALL'),
('SIQI_MOD2_CITY_YIELD_SCIENCE_16', 'REQUIREMENTSET_TEST_ALL'),
('SIQI_MOD2_CITY_YIELD_SCIENCE_32', 'REQUIREMENTSET_TEST_ALL'),
('SIQI_MOD2_CITY_YIELD_SCIENCE_64', 'REQUIREMENTSET_TEST_ALL');

INSERT INTO  RequirementSetRequirements (RequirementSetId, RequirementId) VALUES
('SIQI_MOD2_CITY_YIELD_SCIENCE_1', 'REQ_SIQI_MOD2_CITY_YIELD_SCIENCE_1'),
('SIQI_MOD2_CITY_YIELD_SCIENCE_2', 'REQ_SIQI_MOD2_CITY_YIELD_SCIENCE_2'),
('SIQI_MOD2_CITY_YIELD_SCIENCE_4', 'REQ_SIQI_MOD2_CITY_YIELD_SCIENCE_4'),
('SIQI_MOD2_CITY_YIELD_SCIENCE_8', 'REQ_SIQI_MOD2_CITY_YIELD_SCIENCE_8'),
('SIQI_MOD2_CITY_YIELD_SCIENCE_16', 'REQ_SIQI_MOD2_CITY_YIELD_SCIENCE_16'),
('SIQI_MOD2_CITY_YIELD_SCIENCE_32', 'REQ_SIQI_MOD2_CITY_YIELD_SCIENCE_32'),
('SIQI_MOD2_CITY_YIELD_SCIENCE_64', 'REQ_SIQI_MOD2_CITY_YIELD_SCIENCE_64');

INSERT INTO  Requirements (RequirementId, RequirementType) VALUES
('REQ_SIQI_MOD2_CITY_YIELD_SCIENCE_1', 'REQUIREMENT_PLOT_PROPERTY_MATCHES'),
('REQ_SIQI_MOD2_CITY_YIELD_SCIENCE_2', 'REQUIREMENT_PLOT_PROPERTY_MATCHES'),
('REQ_SIQI_MOD2_CITY_YIELD_SCIENCE_4', 'REQUIREMENT_PLOT_PROPERTY_MATCHES'),
('REQ_SIQI_MOD2_CITY_YIELD_SCIENCE_8', 'REQUIREMENT_PLOT_PROPERTY_MATCHES'),
('REQ_SIQI_MOD2_CITY_YIELD_SCIENCE_16', 'REQUIREMENT_PLOT_PROPERTY_MATCHES'),
('REQ_SIQI_MOD2_CITY_YIELD_SCIENCE_32', 'REQUIREMENT_PLOT_PROPERTY_MATCHES'),
('REQ_SIQI_MOD2_CITY_YIELD_SCIENCE_64', 'REQUIREMENT_PLOT_PROPERTY_MATCHES');

INSERT INTO  RequirementArguments (RequirementId, Name, Value) VALUES
('REQ_SIQI_MOD2_CITY_YIELD_SCIENCE_1', 'PropertyName', 'REQ_SIQI_MOD2_PROPERTY_1'),
('REQ_SIQI_MOD2_CITY_YIELD_SCIENCE_1', 'PropertyMinimum', 1),
('REQ_SIQI_MOD2_CITY_YIELD_SCIENCE_2', 'PropertyName', 'REQ_SIQI_MOD2_PROPERTY_2'),
('REQ_SIQI_MOD2_CITY_YIELD_SCIENCE_2', 'PropertyMinimum', 1),
('REQ_SIQI_MOD2_CITY_YIELD_SCIENCE_4', 'PropertyName', 'REQ_SIQI_MOD2_PROPERTY_4'),
('REQ_SIQI_MOD2_CITY_YIELD_SCIENCE_4', 'PropertyMinimum', 1),
('REQ_SIQI_MOD2_CITY_YIELD_SCIENCE_8', 'PropertyName', 'REQ_SIQI_MOD2_PROPERTY_8'),
('REQ_SIQI_MOD2_CITY_YIELD_SCIENCE_8', 'PropertyMinimum', 1),
('REQ_SIQI_MOD2_CITY_YIELD_SCIENCE_16', 'PropertyName', 'REQ_SIQI_MOD2_PROPERTY_16'),
('REQ_SIQI_MOD2_CITY_YIELD_SCIENCE_16', 'PropertyMinimum', 1),
('REQ_SIQI_MOD2_CITY_YIELD_SCIENCE_32', 'PropertyName', 'REQ_SIQI_MOD2_PROPERTY_32'),
('REQ_SIQI_MOD2_CITY_YIELD_SCIENCE_32', 'PropertyMinimum', 1),
('REQ_SIQI_MOD2_CITY_YIELD_SCIENCE_64', 'PropertyName', 'REQ_SIQI_MOD2_PROPERTY_64'),
('REQ_SIQI_MOD2_CITY_YIELD_SCIENCE_64', 'PropertyMinimum', 1);
