
INSERT INTO Types (Type, Kind) VALUES
('ABILITY_SIQI_TEACH_REDUCED_CHARGE_1', 'KIND_ABILITY'),
('ABILITY_SIQI_TEACH_REDUCED_CHARGE_2', 'KIND_ABILITY'),
('ABILITY_SIQI_TEACH_REDUCED_CHARGE_3', 'KIND_ABILITY'),
('ABILITY_SIQI_TEACH_REDUCED_CHARGE_4', 'KIND_ABILITY'),
('ABILITY_SIQI_TEACH_REDUCED_CHARGE_5', 'KIND_ABILITY'),
('ABILITY_SIQI_TEACH_REDUCED_CHARGE_6', 'KIND_ABILITY'),
('ABILITY_SIQI_TEACH_REDUCED_CHARGE_7', 'KIND_ABILITY'),
('ABILITY_SIQI_TEACH_REDUCED_CHARGE_8', 'KIND_ABILITY'),
('ABILITY_SIQI_TEACH_REDUCED_CHARGE_9', 'KIND_ABILITY'),
('ABILITY_SIQI_TEACH_REDUCED_CHARGE_10', 'KIND_ABILITY'),
('ABILITY_SIQI_TEACH_REDUCED_CHARGE_11', 'KIND_ABILITY'),
('ABILITY_SIQI_TEACH_REDUCED_CHARGE_12', 'KIND_ABILITY'),
('ABILITY_SIQI_TEACH_REDUCED_CHARGE_13', 'KIND_ABILITY'),
('ABILITY_SIQI_TEACH_REDUCED_CHARGE_14', 'KIND_ABILITY'),
('ABILITY_SIQI_TEACH_REDUCED_CHARGE_15', 'KIND_ABILITY'),
('ABILITY_SIQI_TEACH_REDUCED_CHARGE_16', 'KIND_ABILITY');

INSERT INTO TypeTags (Type, Tag) VALUES
('ABILITY_SIQI_TEACH_REDUCED_CHARGE_1', 'CLASS_ALL_UNITS'),
('ABILITY_SIQI_TEACH_REDUCED_CHARGE_2', 'CLASS_ALL_UNITS'),
('ABILITY_SIQI_TEACH_REDUCED_CHARGE_3', 'CLASS_ALL_UNITS'),
('ABILITY_SIQI_TEACH_REDUCED_CHARGE_4', 'CLASS_ALL_UNITS'),
('ABILITY_SIQI_TEACH_REDUCED_CHARGE_5', 'CLASS_ALL_UNITS'),
('ABILITY_SIQI_TEACH_REDUCED_CHARGE_6', 'CLASS_ALL_UNITS'),
('ABILITY_SIQI_TEACH_REDUCED_CHARGE_7', 'CLASS_ALL_UNITS'),
('ABILITY_SIQI_TEACH_REDUCED_CHARGE_8', 'CLASS_ALL_UNITS'),
('ABILITY_SIQI_TEACH_REDUCED_CHARGE_9', 'CLASS_ALL_UNITS'),
('ABILITY_SIQI_TEACH_REDUCED_CHARGE_10', 'CLASS_ALL_UNITS'),
('ABILITY_SIQI_TEACH_REDUCED_CHARGE_11', 'CLASS_ALL_UNITS'),
('ABILITY_SIQI_TEACH_REDUCED_CHARGE_12', 'CLASS_ALL_UNITS'),
('ABILITY_SIQI_TEACH_REDUCED_CHARGE_13', 'CLASS_ALL_UNITS'),
('ABILITY_SIQI_TEACH_REDUCED_CHARGE_14', 'CLASS_ALL_UNITS'),
('ABILITY_SIQI_TEACH_REDUCED_CHARGE_15', 'CLASS_ALL_UNITS'),
('ABILITY_SIQI_TEACH_REDUCED_CHARGE_16', 'CLASS_ALL_UNITS');

INSERT INTO UnitAbilities (UnitAbilityType, Name, Description, Inactive, Permanent) VALUES
('ABILITY_SIQI_TEACH_REDUCED_CHARGE_1',  NULL, NULL, 1, 1),
('ABILITY_SIQI_TEACH_REDUCED_CHARGE_2',  NULL, NULL, 1, 1),
('ABILITY_SIQI_TEACH_REDUCED_CHARGE_3',  NULL, NULL, 1, 1),
('ABILITY_SIQI_TEACH_REDUCED_CHARGE_4',  NULL, NULL, 1, 1),
('ABILITY_SIQI_TEACH_REDUCED_CHARGE_5',  NULL, NULL, 1, 1),
('ABILITY_SIQI_TEACH_REDUCED_CHARGE_6',  NULL, NULL, 1, 1),
('ABILITY_SIQI_TEACH_REDUCED_CHARGE_7',  NULL, NULL, 1, 1),
('ABILITY_SIQI_TEACH_REDUCED_CHARGE_8',  NULL, NULL, 1, 1),
('ABILITY_SIQI_TEACH_REDUCED_CHARGE_9',  NULL, NULL, 1, 1),
('ABILITY_SIQI_TEACH_REDUCED_CHARGE_10', NULL, NULL, 1, 1),
('ABILITY_SIQI_TEACH_REDUCED_CHARGE_11', NULL, NULL, 1, 1),
('ABILITY_SIQI_TEACH_REDUCED_CHARGE_12', NULL, NULL, 1, 1),
('ABILITY_SIQI_TEACH_REDUCED_CHARGE_13', NULL, NULL, 1, 1),
('ABILITY_SIQI_TEACH_REDUCED_CHARGE_14', NULL, NULL, 1, 1),
('ABILITY_SIQI_TEACH_REDUCED_CHARGE_15', NULL, NULL, 1, 1),
('ABILITY_SIQI_TEACH_REDUCED_CHARGE_16', NULL, NULL, 1, 1);

INSERT INTO UnitAbilityModifiers (UnitAbilityType, ModifierId) VALUES
('ABILITY_SIQI_TEACH_REDUCED_CHARGE_1',  'MODIFIER_SIQI_TEACH_REDUCED_UNIT_BUILDER_CHARGES'),
('ABILITY_SIQI_TEACH_REDUCED_CHARGE_2',  'MODIFIER_SIQI_TEACH_REDUCED_UNIT_BUILDER_CHARGES'),
('ABILITY_SIQI_TEACH_REDUCED_CHARGE_3',  'MODIFIER_SIQI_TEACH_REDUCED_UNIT_BUILDER_CHARGES'),
('ABILITY_SIQI_TEACH_REDUCED_CHARGE_4',  'MODIFIER_SIQI_TEACH_REDUCED_UNIT_BUILDER_CHARGES'),
('ABILITY_SIQI_TEACH_REDUCED_CHARGE_5',  'MODIFIER_SIQI_TEACH_REDUCED_UNIT_BUILDER_CHARGES'),
('ABILITY_SIQI_TEACH_REDUCED_CHARGE_6',  'MODIFIER_SIQI_TEACH_REDUCED_UNIT_BUILDER_CHARGES'),
('ABILITY_SIQI_TEACH_REDUCED_CHARGE_7',  'MODIFIER_SIQI_TEACH_REDUCED_UNIT_BUILDER_CHARGES'),
('ABILITY_SIQI_TEACH_REDUCED_CHARGE_8',  'MODIFIER_SIQI_TEACH_REDUCED_UNIT_BUILDER_CHARGES'),
('ABILITY_SIQI_TEACH_REDUCED_CHARGE_9',  'MODIFIER_SIQI_TEACH_REDUCED_UNIT_BUILDER_CHARGES'),
('ABILITY_SIQI_TEACH_REDUCED_CHARGE_10', 'MODIFIER_SIQI_TEACH_REDUCED_UNIT_BUILDER_CHARGES'),
('ABILITY_SIQI_TEACH_REDUCED_CHARGE_11', 'MODIFIER_SIQI_TEACH_REDUCED_UNIT_BUILDER_CHARGES'),
('ABILITY_SIQI_TEACH_REDUCED_CHARGE_12', 'MODIFIER_SIQI_TEACH_REDUCED_UNIT_BUILDER_CHARGES'),
('ABILITY_SIQI_TEACH_REDUCED_CHARGE_13', 'MODIFIER_SIQI_TEACH_REDUCED_UNIT_BUILDER_CHARGES'),
('ABILITY_SIQI_TEACH_REDUCED_CHARGE_14', 'MODIFIER_SIQI_TEACH_REDUCED_UNIT_BUILDER_CHARGES'),
('ABILITY_SIQI_TEACH_REDUCED_CHARGE_15', 'MODIFIER_SIQI_TEACH_REDUCED_UNIT_BUILDER_CHARGES'),
('ABILITY_SIQI_TEACH_REDUCED_CHARGE_16', 'MODIFIER_SIQI_TEACH_REDUCED_UNIT_BUILDER_CHARGES');

INSERT INTO Modifiers(ModifierId, ModifierType) VALUES
('MODIFIER_SIQI_TEACH_REDUCED_UNIT_BUILDER_CHARGES', 'MODIFIER_SIQI_TEACH_UNIT_ADJUST_BUILDER_CHARGES');

INSERT INTO ModifierArguments (ModifierId, Name, Value) VALUES
('MODIFIER_SIQI_TEACH_REDUCED_UNIT_BUILDER_CHARGES', 'Amount', '-1');

INSERT INTO Types (Type, Kind) VALUES
('MODIFIER_SIQI_TEACH_UNIT_ADJUST_BUILDER_CHARGES',                          'KIND_MODIFIER'); -- 玩家单位劳动力控制

INSERT INTO DynamicModifiers (ModifierType, EffectType, CollectionType) VALUES
('MODIFIER_SIQI_TEACH_UNIT_ADJUST_BUILDER_CHARGES',                          'EFFECT_ADJUST_UNIT_BUILD_CHARGES',                     'COLLECTION_OWNER');


